title,make,model,generation,year,mileage_km,power_hp,fuel,engine,price_pln,url
BMW Seria 7 740d F01,BMW,Seria 7,F01,2010,192097,306,Diesel,3.0d N57 bi-turbo,53300,https://www.otomoto.pl/oferta/przyklad-0
BMW Seria 7 740d F01,BMW,Seria 7,F01,2011,146868,306,Diesel,3.0d N57 bi-turbo,75600,https://www.otomoto.pl/oferta/przyklad-1
BMW Seria 7 740d F01,BMW,Seria 7,F01,2014,274794,306,Diesel,3.0d N57 bi-turbo,84900,https://www.otomoto.pl/oferta/przyklad-2
BMW Seria 7 740d F01,BMW,Seria 7,F01,2009,144561,306,Diesel,3.0d N57 bi-turbo,56500,https://www.otomoto.pl/oferta/przyklad-3
BMW Seria 7 740d xDrive F01,BMW,Seria 7,F01,2011,277815,306,Diesel,3.0d N57 bi-turbo,44000,https://www.otomoto.pl/oferta/przyklad-4
BMW Seria 7 740d F01,BMW,Seria 7,F01,2014,262853,306,Diesel,3.0d N57 bi-turbo,86800,https://www.otomoto.pl/oferta/przyklad-5
BMW Seria 7 730d F01,BMW,Seria 7,F01,2011,274472,245,Diesel,3.0d N57,48600,https://www.otomoto.pl/oferta/przyklad-6
BMW Seria 7 740d F01,BMW,Seria 7,F01,2009,230785,306,Diesel,3.0d N57 bi-turbo,44600,https://www.otomoto.pl/oferta/przyklad-7
BMW Seria 7 740d F01,BMW,Seria 7,F01,2012,176443,306,Diesel,3.0d N57 bi-turbo,75300,https://www.otomoto.pl/oferta/przyklad-8
BMW Seria 7 740d F01,BMW,Seria 7,F01,2010,219595,306,Diesel,3.0d N57 bi-turbo,46400,https://www.otomoto.pl/oferta/przyklad-9
BMW Seria 7 730d F01,BMW,Seria 7,F01,2012,278263,245,Diesel,3.0d N57,57800,https://www.otomoto.pl/oferta/przyklad-10
BMW Seria 7 740d xDrive F01,BMW,Seria 7,F01,2009,240435,306,Diesel,3.0d N57 bi-turbo,46300,https://www.otomoto.pl/oferta/przyklad-11
BMW Seria 7 730d F01,BMW,Seria 7,F01,2010,140656,245,Diesel,3.0d N57,66500,https://www.otomoto.pl/oferta/przyklad-12
BMW Seria 7 740d xDrive F01,BMW,Seria 7,F01,2012,282141,306,Diesel,3.0d N57 bi-turbo,58800,https://www.otomoto.pl/oferta/przyklad-13
BMW Seria 7 740d xDrive F01,BMW,Seria 7,F01,2011,138233,306,Diesel,3.0d N57 bi-turbo,66600,https://www.otomoto.pl/oferta/przyklad-14
BMW Seria 7 730d F01,BMW,Seria 7,F01,2011,140916,245,Diesel,3.0d N57,69300,https://www.otomoto.pl/oferta/przyklad-15
BMW Seria 7 730d F01,BMW,Seria 7,F01,2010,192869,245,Diesel,3.0d N57,56600,https://www.otomoto.pl/oferta/przyklad-16
BMW Seria 7 740d F01,BMW,Seria 7,F01,2012,217040,306,Diesel,3.0d N57 bi-turbo,69100,https://www.otomoto.pl/oferta/przyklad-17
BMW Seria 7 740d xDrive F01,BMW,Seria 7,F01,2011,189986,306,Diesel,3.0d N57 bi-turbo,69100,https://www.otomoto.pl/oferta/przyklad-18
BMW Seria 7 740d xDrive F01,BMW,Seria 7,F01,2010,164862,306,Diesel,3.0d N57 bi-turbo,62400,https://www.otomoto.pl/oferta/przyklad-19
BMW Seria 7 740d F01,BMW,Seria 7,F01,2011,241178,306,Diesel,3.0d N57 bi-turbo,55600,https://www.otomoto.pl/oferta/przyklad-20
BMW Seria 7 740d xDrive F01,BMW,Seria 7,F01,2012,266001,306,Diesel,3.0d N57 bi-turbo,59000,https://www.otomoto.pl/oferta/przyklad-21
BMW Seria 7 740d F01,BMW,Seria 7,F01,2012,180043,306,Diesel,3.0d N57 bi-turbo,69700,https://www.otomoto.pl/oferta/przyklad-22
BMW Seria 7 730d F01,BMW,Seria 7,F01,2012,190186,245,Diesel,3.0d N57,68700,https://www.otomoto.pl/oferta/przyklad-23
BMW Seria 7 740d xDrive F01,BMW,Seria 7,F01,2011,202490,306,Diesel,3.0d N57 bi-turbo,59100,https://www.otomoto.pl/oferta/przyklad-24
BMW Seria 7 730d F01,BMW,Seria 7,F01,2013,240285,245,Diesel,3.0d N57,73900,https://www.otomoto.pl/oferta/przyklad-25
